project_id,project_type,affected_families,compensation_status,rehab_progress_pct,stakeholder_responsiveness,historical_performance_score,state,district,tehsil
PRJ_00000,road,30,partial,92.52,0.878,0.902,Himachal Pradesh,Kangra,Kangra_Tehsil_1
PRJ_00001,road,210,paid,78.79,0.59,0.24,Himachal Pradesh,Una,Una_Tehsil_1
PRJ_00002,industrial,24,paid,99.52,0.577,0.541,Himachal Pradesh,Kinnaur,Kinnaur_Tehsil_1
PRJ_00003,road,76,paid,100.0,0.411,0.59,Himachal Pradesh,Una,Una_Tehsil_1
PRJ_00004,road,86,paid,79.66,0.684,0.472,Himachal Pradesh,Hamirpur,Hamirpur_Tehsil_1
PRJ_00005,road,171,paid,90.17,0.624,0.687,Himachal Pradesh,Kangra,Kangra_Tehsil_1
PRJ_00006,irrigation,92,partial,92.37,0.958,0.867,Himachal Pradesh,Kinnaur,Kinnaur_Tehsil_1
PRJ_00007,irrigation,87,paid,90.19,0.681,0.666,Himachal Pradesh,Chamba,Chamba_Tehsil_1
PRJ_00008,irrigation,177,partial,86.91,0.768,0.549,Himachal Pradesh,Kullu,Kullu_Tehsil_1
PRJ_00009,road,222,pending,92.42,0.966,0.751,Himachal Pradesh,Chamba,Chamba_Tehsil_1
PRJ_00010,road,705,paid,80.31,0.572,0.733,Himachal Pradesh,Chamba,Chamba_Tehsil_1
PRJ_00011,industrial,18,paid,97.55,0.307,0.31,Himachal Pradesh,Hamirpur,Hamirpur_Tehsil_1
PRJ_00012,irrigation,215,partial,90.69,0.672,0.624,Himachal Pradesh,Kinnaur,Kinnaur_Tehsil_1
PRJ_00013,irrigation,60,paid,100.0,0.828,0.402,Himachal Pradesh,Mandi,Mandi_Tehsil_1
PRJ_00014,dam,562,paid,76.13,0.573,0.383,Himachal Pradesh,Kinnaur,Kinnaur_Tehsil_1
PRJ_00015,dam,96,paid,90.64,0.486,0.466,Himachal Pradesh,Hamirpur,Hamirpur_Tehsil_1
PRJ_00016,road,49,partial,84.25,0.873,0.901,Himachal Pradesh,Una,Una_Tehsil_1
PRJ_00017,rail,68,partial,85.64,0.635,0.896,Himachal Pradesh,Hamirpur,Hamirpur_Tehsil_1
PRJ_00018,irrigation,151,partial,84.39,0.845,0.592,Himachal Pradesh,Mandi,Mandi_Tehsil_1
PRJ_00019,rail,156,partial,88.81,0.364,0.663,Himachal Pradesh,Kinnaur,Kinnaur_Tehsil_1
PRJ_00020,industrial,111,paid,86.01,0.587,0.904,Himachal Pradesh,Bilaspur,Bilaspur_Tehsil_1
PRJ_00021,irrigation,161,partial,96.4,0.843,0.886,Himachal Pradesh,Sirmaur,Sirmaur_Tehsil_1
PRJ_00022,dam,67,pending,98.83,0.339,0.587,Himachal Pradesh,Chamba,Chamba_Tehsil_1
PRJ_00023,industrial,138,paid,89.7,0.646,0.628,Himachal Pradesh,Chamba,Chamba_Tehsil_1
PRJ_00024,irrigation,154,pending,94.21,0.765,0.872,Himachal Pradesh,Bilaspur,Bilaspur_Tehsil_1
PRJ_00025,industrial,204,pending,76.96,0.925,0.864,Himachal Pradesh,Chamba,Chamba_Tehsil_1
PRJ_00026,irrigation,85,paid,86.32,0.461,0.828,Himachal Pradesh,Kangra,Kangra_Tehsil_1
PRJ_00027,industrial,17,paid,95.6,0.617,0.494,Himachal Pradesh,Bilaspur,Bilaspur_Tehsil_1
PRJ_00028,rail,113,paid,91.27,0.452,0.914,Himachal Pradesh,Hamirpur,Hamirpur_Tehsil_1
PRJ_00029,irrigation,520,partial,84.78,0.805,0.323,Himachal Pradesh,Bilaspur,Bilaspur_Tehsil_1
PRJ_00030,irrigation,187,paid,89.05,0.873,0.841,Himachal Pradesh,Hamirpur,Hamirpur_Tehsil_1
PRJ_00031,road,75,paid,87.23,0.852,0.631,Himachal Pradesh,Chamba,Chamba_Tehsil_1
PRJ_00032,rail,53,partial,89.03,0.834,0.417,Himachal Pradesh,Kangra,Kangra_Tehsil_1
PRJ_00033,industrial,350,pending,98.33,0.717,0.62,Himachal Pradesh,Sirmaur,Sirmaur_Tehsil_1
PRJ_00034,irrigation,64,partial,100.0,0.674,0.701,Himachal Pradesh,Chamba,Chamba_Tehsil_1
PRJ_00035,road,46,partial,92.62,0.807,0.555,Himachal Pradesh,Una,Una_Tehsil_1
PRJ_00036,rail,195,paid,83.96,0.784,0.896,Himachal Pradesh,Lahaul and Spiti,Lahaul and Spiti_Tehsil_1
PRJ_00037,road,16,paid,92.77,0.773,0.968,Himachal Pradesh,Hamirpur,Hamirpur_Tehsil_1
PRJ_00038,road,283,partial,77.84,0.852,0.711,Himachal Pradesh,Chamba,Chamba_Tehsil_1
PRJ_00039,industrial,126,paid,89.37,0.825,0.478,Himachal Pradesh,Hamirpur,Hamirpur_Tehsil_1
PRJ_00040,rail,262,paid,77.05,0.763,0.583,Himachal Pradesh,Sirmaur,Sirmaur_Tehsil_1
PRJ_00041,rail,193,pending,79.24,0.838,0.336,Himachal Pradesh,Chamba,Chamba_Tehsil_1
PRJ_00042,irrigation,140,paid,80.47,0.487,0.776,Himachal Pradesh,Lahaul and Spiti,Lahaul and Spiti_Tehsil_1
PRJ_00043,road,34,partial,99.36,0.799,0.376,Himachal Pradesh,Bilaspur,Bilaspur_Tehsil_1
PRJ_00044,road,79,partial,89.23,0.839,0.416,Himachal Pradesh,Kullu,Kullu_Tehsil_1
PRJ_00045,dam,93,partial,79.47,0.882,0.58,Himachal Pradesh,Solan,Solan_Tehsil_1
PRJ_00046,irrigation,250,paid,85.82,0.711,0.496,Himachal Pradesh,Sirmaur,Sirmaur_Tehsil_1
PRJ_00047,industrial,148,paid,84.38,0.589,0.34,Himachal Pradesh,Lahaul and Spiti,Lahaul and Spiti_Tehsil_1
PRJ_00048,irrigation,612,paid,96.21,0.808,0.759,Himachal Pradesh,Kangra,Kangra_Tehsil_1
PRJ_00049,irrigation,226,partial,72.84,0.531,0.595,Himachal Pradesh,Kangra,Kangra_Tehsil_1
PRJ_00050,dam,517,paid,92.19,0.527,0.682,Himachal Pradesh,Kangra,Kangra_Tehsil_1
PRJ_00051,industrial,55,paid,100.0,0.804,0.898,Himachal Pradesh,Hamirpur,Hamirpur_Tehsil_1
PRJ_00052,dam,146,partial,91.64,0.657,0.61,Himachal Pradesh,Mandi,Mandi_Tehsil_1
PRJ_00053,industrial,110,paid,100.0,0.71,0.706,Himachal Pradesh,Hamirpur,Hamirpur_Tehsil_1
PRJ_00054,dam,158,paid,97.42,0.888,0.733,Himachal Pradesh,Una,Una_Tehsil_1
PRJ_00055,industrial,91,paid,68.8,0.672,0.516,Himachal Pradesh,Chamba,Chamba_Tehsil_1
PRJ_00056,road,34,paid,92.77,0.79,0.717,Himachal Pradesh,Mandi,Mandi_Tehsil_1
PRJ_00057,dam,101,paid,100.0,0.59,0.874,Himachal Pradesh,Mandi,Mandi_Tehsil_1
PRJ_00058,rail,207,paid,88.14,0.503,0.765,Himachal Pradesh,Mandi,Mandi_Tehsil_1
PRJ_00059,irrigation,359,pending,94.31,0.288,0.897,Himachal Pradesh,Mandi,Mandi_Tehsil_1
PRJ_00060,dam,92,pending,82.35,0.861,0.518,Himachal Pradesh,Kullu,Kullu_Tehsil_1
PRJ_00061,industrial,131,partial,96.07,0.546,0.724,Himachal Pradesh,Chamba,Chamba_Tehsil_1
PRJ_00062,industrial,44,partial,87.48,0.352,0.576,Himachal Pradesh,Mandi,Mandi_Tehsil_1
PRJ_00063,road,91,partial,98.45,0.663,0.949,Himachal Pradesh,Hamirpur,Hamirpur_Tehsil_1
PRJ_00064,dam,805,pending,62.77,0.872,0.592,Himachal Pradesh,Hamirpur,Hamirpur_Tehsil_1
PRJ_00065,dam,465,paid,82.25,0.604,0.616,Himachal Pradesh,Sirmaur,Sirmaur_Tehsil_1
PRJ_00066,rail,239,paid,89.25,0.747,0.821,Himachal Pradesh,Chamba,Chamba_Tehsil_1
PRJ_00067,road,501,partial,88.34,0.92,0.7,Himachal Pradesh,Lahaul and Spiti,Lahaul and Spiti_Tehsil_1
PRJ_00068,road,47,pending,94.05,0.409,0.68,Himachal Pradesh,Kinnaur,Kinnaur_Tehsil_1
PRJ_00069,dam,92,paid,95.35,0.484,0.595,Himachal Pradesh,Hamirpur,Hamirpur_Tehsil_1
PRJ_00070,irrigation,84,paid,95.64,0.751,0.324,Himachal Pradesh,Una,Una_Tehsil_1
PRJ_00071,industrial,57,paid,76.12,0.678,0.305,Himachal Pradesh,Mandi,Mandi_Tehsil_1
PRJ_00072,irrigation,19,paid,94.27,0.45,0.537,Himachal Pradesh,Kullu,Kullu_Tehsil_1
PRJ_00073,industrial,59,partial,100.0,0.826,0.702,Himachal Pradesh,Solan,Solan_Tehsil_1
PRJ_00074,rail,71,paid,98.76,0.707,0.467,Himachal Pradesh,Kinnaur,Kinnaur_Tehsil_1
PRJ_00075,dam,455,pending,78.94,0.769,0.837,Himachal Pradesh,Kangra,Kangra_Tehsil_1
PRJ_00076,road,123,partial,91.03,0.53,0.74,Himachal Pradesh,Bilaspur,Bilaspur_Tehsil_1
PRJ_00077,irrigation,94,paid,90.32,0.457,0.301,Himachal Pradesh,Sirmaur,Sirmaur_Tehsil_1
PRJ_00078,industrial,122,partial,79.67,0.397,0.543,Himachal Pradesh,Una,Una_Tehsil_1
PRJ_00079,industrial,138,partial,95.11,0.849,0.338,Himachal Pradesh,Solan,Solan_Tehsil_1
PRJ_00080,industrial,36,paid,84.65,0.811,0.713,Himachal Pradesh,Bilaspur,Bilaspur_Tehsil_1
PRJ_00081,road,57,paid,94.89,0.682,0.868,Himachal Pradesh,Kinnaur,Kinnaur_Tehsil_1
PRJ_00082,rail,15,partial,85.27,0.701,0.481,Himachal Pradesh,Una,Una_Tehsil_1
PRJ_00083,road,33,paid,92.87,0.418,0.596,Himachal Pradesh,Una,Una_Tehsil_1
PRJ_00084,road,46,paid,91.56,0.742,0.676,Himachal Pradesh,Hamirpur,Hamirpur_Tehsil_1
PRJ_00085,dam,240,paid,81.52,0.977,0.772,Himachal Pradesh,Kinnaur,Kinnaur_Tehsil_1
PRJ_00086,dam,96,paid,83.25,0.501,0.724,Himachal Pradesh,Lahaul and Spiti,Lahaul and Spiti_Tehsil_1
PRJ_00087,dam,141,partial,90.2,0.886,0.683,Himachal Pradesh,Chamba,Chamba_Tehsil_1
PRJ_00088,industrial,23,paid,93.59,0.829,0.495,Himachal Pradesh,Kinnaur,Kinnaur_Tehsil_1
PRJ_00089,dam,262,partial,75.11,0.833,0.53,Himachal Pradesh,Sirmaur,Sirmaur_Tehsil_1
PRJ_00090,industrial,105,paid,84.45,0.968,0.497,Himachal Pradesh,Sirmaur,Sirmaur_Tehsil_1
PRJ_00091,road,129,partial,92.1,0.499,0.574,Himachal Pradesh,Hamirpur,Hamirpur_Tehsil_1
PRJ_00092,road,91,paid,94.5,0.467,0.692,Himachal Pradesh,Lahaul and Spiti,Lahaul and Spiti_Tehsil_1
PRJ_00093,irrigation,40,pending,81.48,0.722,0.953,Himachal Pradesh,Hamirpur,Hamirpur_Tehsil_1
PRJ_00094,industrial,41,pending,88.75,0.8,0.961,Himachal Pradesh,Shimla,Shimla_Tehsil_1
PRJ_00095,road,62,paid,90.81,0.543,0.7,Himachal Pradesh,Mandi,Mandi_Tehsil_1
PRJ_00096,irrigation,112,partial,88.18,0.873,0.735,Himachal Pradesh,Shimla,Shimla_Tehsil_1
PRJ_00097,dam,240,paid,85.38,0.737,0.589,Himachal Pradesh,Lahaul and Spiti,Lahaul and Spiti_Tehsil_1
PRJ_00098,road,324,partial,87.86,0.873,0.871,Himachal Pradesh,Kinnaur,Kinnaur_Tehsil_1
PRJ_00099,rail,243,partial,78.43,0.512,0.715,Himachal Pradesh,Bilaspur,Bilaspur_Tehsil_1
PRJ_00100,industrial,29,paid,79.69,0.879,0.461,Himachal Pradesh,Sirmaur,Sirmaur_Tehsil_1
PRJ_00101,dam,414,paid,82.43,0.957,0.682,Himachal Pradesh,Sirmaur,Sirmaur_Tehsil_1
PRJ_00102,road,160,paid,77.72,0.7,0.648,Himachal Pradesh,Kullu,Kullu_Tehsil_1
PRJ_00103,industrial,34,partial,89.66,0.7,0.618,Himachal Pradesh,Bilaspur,Bilaspur_Tehsil_1
PRJ_00104,rail,251,partial,82.47,0.71,0.846,Himachal Pradesh,Lahaul and Spiti,Lahaul and Spiti_Tehsil_1
PRJ_00105,industrial,62,paid,81.47,0.76,0.507,Himachal Pradesh,Hamirpur,Hamirpur_Tehsil_1
PRJ_00106,road,25,paid,81.65,0.415,0.898,Himachal Pradesh,Una,Una_Tehsil_1
PRJ_00107,irrigation,244,paid,80.72,0.702,0.429,Himachal Pradesh,Mandi,Mandi_Tehsil_1
PRJ_00108,rail,142,paid,83.81,0.837,0.59,Himachal Pradesh,Una,Una_Tehsil_1
PRJ_00109,road,73,paid,73.76,0.466,0.625,Himachal Pradesh,Sirmaur,Sirmaur_Tehsil_1
PRJ_00110,industrial,69,paid,93.77,0.868,0.877,Himachal Pradesh,Solan,Solan_Tehsil_1
PRJ_00111,road,47,pending,90.87,0.984,0.445,Himachal Pradesh,Kullu,Kullu_Tehsil_1
PRJ_00112,road,155,paid,90.48,0.9,0.421,Himachal Pradesh,Una,Una_Tehsil_1
PRJ_00113,rail,112,partial,92.05,0.709,0.838,Himachal Pradesh,Kullu,Kullu_Tehsil_1
PRJ_00114,dam,261,paid,100.0,0.751,0.561,Himachal Pradesh,Kinnaur,Kinnaur_Tehsil_1
PRJ_00115,industrial,99,paid,78.21,0.559,0.679,Himachal Pradesh,Una,Una_Tehsil_1
PRJ_00116,industrial,25,partial,98.01,0.985,0.651,Himachal Pradesh,Kinnaur,Kinnaur_Tehsil_1
PRJ_00117,road,40,paid,88.32,0.35,0.896,Himachal Pradesh,Kangra,Kangra_Tehsil_1
PRJ_00118,rail,16,paid,100.0,0.92,0.751,Himachal Pradesh,Lahaul and Spiti,Lahaul and Spiti_Tehsil_1
PRJ_00119,road,149,pending,83.84,0.87,0.757,Himachal Pradesh,Lahaul and Spiti,Lahaul and Spiti_Tehsil_1
PRJ_00120,irrigation,54,pending,95.85,0.567,0.858,Himachal Pradesh,Lahaul and Spiti,Lahaul and Spiti_Tehsil_1
PRJ_00121,industrial,81,partial,98.44,0.813,0.808,Himachal Pradesh,Mandi,Mandi_Tehsil_1
PRJ_00122,dam,314,paid,85.93,0.625,0.862,Himachal Pradesh,Kullu,Kullu_Tehsil_1
PRJ_00123,irrigation,278,paid,93.38,0.719,0.551,Himachal Pradesh,Una,Una_Tehsil_1
PRJ_00124,rail,39,paid,94.28,0.657,0.513,Himachal Pradesh,Solan,Solan_Tehsil_1
PRJ_00125,industrial,67,pending,88.09,0.656,0.431,Himachal Pradesh,Sirmaur,Sirmaur_Tehsil_1
PRJ_00126,irrigation,728,partial,77.78,0.833,0.517,Himachal Pradesh,Kinnaur,Kinnaur_Tehsil_1
PRJ_00127,road,421,paid,93.18,0.897,0.713,Himachal Pradesh,Chamba,Chamba_Tehsil_1
PRJ_00128,rail,284,pending,95.66,0.326,0.571,Himachal Pradesh,Bilaspur,Bilaspur_Tehsil_1
PRJ_00129,road,121,paid,88.84,0.444,0.634,Himachal Pradesh,Sirmaur,Sirmaur_Tehsil_1
PRJ_00130,road,36,paid,85.4,0.287,0.232,Himachal Pradesh,Chamba,Chamba_Tehsil_1
PRJ_00131,road,171,paid,76.93,0.831,0.505,Himachal Pradesh,Mandi,Mandi_Tehsil_1
PRJ_00132,irrigation,140,paid,97.45,0.694,0.67,Himachal Pradesh,Kullu,Kullu_Tehsil_1
PRJ_00133,irrigation,268,pending,90.4,0.478,0.758,Himachal Pradesh,Sirmaur,Sirmaur_Tehsil_1
PRJ_00134,rail,66,pending,80.07,0.658,0.722,Himachal Pradesh,Solan,Solan_Tehsil_1
PRJ_00135,rail,100,paid,73.42,0.757,0.632,Himachal Pradesh,Chamba,Chamba_Tehsil_1
PRJ_00136,industrial,83,paid,97.28,0.489,0.834,Himachal Pradesh,Kullu,Kullu_Tehsil_1
PRJ_00137,dam,280,paid,93.67,0.648,0.968,Himachal Pradesh,Una,Una_Tehsil_1
PRJ_00138,irrigation,252,paid,84.94,0.711,0.816,Himachal Pradesh,Kinnaur,Kinnaur_Tehsil_1
PRJ_00139,road,53,paid,94.2,0.177,0.854,Himachal Pradesh,Sirmaur,Sirmaur_Tehsil_1
PRJ_00140,industrial,21,paid,95.91,0.809,0.327,Himachal Pradesh,Shimla,Shimla_Tehsil_1
PRJ_00141,road,388,paid,84.94,0.902,0.798,Himachal Pradesh,Solan,Solan_Tehsil_1
PRJ_00142,rail,1099,paid,68.81,0.785,0.648,Himachal Pradesh,Bilaspur,Bilaspur_Tehsil_1
PRJ_00143,industrial,107,paid,99.62,0.756,0.725,Himachal Pradesh,Solan,Solan_Tehsil_1
PRJ_00144,irrigation,49,pending,77.62,0.644,0.618,Himachal Pradesh,Bilaspur,Bilaspur_Tehsil_1
PRJ_00145,dam,112,paid,93.7,0.618,0.819,Himachal Pradesh,Chamba,Chamba_Tehsil_1
PRJ_00146,irrigation,256,paid,85.19,0.797,0.83,Himachal Pradesh,Hamirpur,Hamirpur_Tehsil_1
PRJ_00147,dam,752,paid,71.26,0.792,0.841,Himachal Pradesh,Sirmaur,Sirmaur_Tehsil_1
PRJ_00148,road,30,partial,87.16,0.499,0.449,Himachal Pradesh,Chamba,Chamba_Tehsil_1
PRJ_00149,road,80,paid,91.74,0.688,0.657,Himachal Pradesh,Shimla,Shimla_Tehsil_1
PRJ_00150,rail,139,paid,83.14,0.614,0.488,Himachal Pradesh,Kangra,Kangra_Tehsil_1
PRJ_00151,road,196,partial,89.82,0.91,0.719,Himachal Pradesh,Shimla,Shimla_Tehsil_1
PRJ_00152,industrial,52,partial,85.41,0.78,0.761,Himachal Pradesh,Shimla,Shimla_Tehsil_1
PRJ_00153,road,22,paid,91.46,0.779,0.775,Himachal Pradesh,Kinnaur,Kinnaur_Tehsil_1
PRJ_00154,irrigation,283,paid,80.85,0.524,0.455,Himachal Pradesh,Una,Una_Tehsil_1
PRJ_00155,dam,619,pending,96.2,0.508,0.517,Himachal Pradesh,Kangra,Kangra_Tehsil_1
PRJ_00156,dam,208,paid,96.44,0.63,0.704,Himachal Pradesh,Bilaspur,Bilaspur_Tehsil_1
PRJ_00157,rail,168,paid,99.93,0.748,0.9,Himachal Pradesh,Mandi,Mandi_Tehsil_1
PRJ_00158,irrigation,105,paid,89.61,0.885,0.886,Himachal Pradesh,Bilaspur,Bilaspur_Tehsil_1
PRJ_00159,industrial,33,paid,100.0,0.959,0.827,Himachal Pradesh,Kangra,Kangra_Tehsil_1
PRJ_00160,dam,566,partial,91.01,0.667,0.894,Himachal Pradesh,Lahaul and Spiti,Lahaul and Spiti_Tehsil_1
PRJ_00161,industrial,102,partial,98.04,0.94,0.54,Himachal Pradesh,Una,Una_Tehsil_1
PRJ_00162,industrial,111,paid,77.27,0.734,0.171,Himachal Pradesh,Shimla,Shimla_Tehsil_1
PRJ_00163,dam,869,partial,90.97,0.952,0.469,Himachal Pradesh,Mandi,Mandi_Tehsil_1
PRJ_00164,road,34,paid,100.0,0.61,0.478,Himachal Pradesh,Lahaul and Spiti,Lahaul and Spiti_Tehsil_1
PRJ_00165,irrigation,98,partial,87.23,0.218,0.87,Himachal Pradesh,Kinnaur,Kinnaur_Tehsil_1
PRJ_00166,road,103,paid,75.68,0.585,0.845,Himachal Pradesh,Sirmaur,Sirmaur_Tehsil_1
PRJ_00167,dam,135,paid,89.85,0.826,0.804,Himachal Pradesh,Bilaspur,Bilaspur_Tehsil_1
PRJ_00168,industrial,145,partial,89.15,0.337,0.726,Himachal Pradesh,Chamba,Chamba_Tehsil_1
PRJ_00169,irrigation,136,paid,78.59,0.94,0.682,Himachal Pradesh,Chamba,Chamba_Tehsil_1
PRJ_00170,rail,47,paid,82.6,0.649,0.817,Himachal Pradesh,Mandi,Mandi_Tehsil_1
PRJ_00171,road,95,paid,85.84,0.833,0.862,Himachal Pradesh,Kangra,Kangra_Tehsil_1
PRJ_00172,industrial,83,partial,93.99,0.683,0.735,Himachal Pradesh,Bilaspur,Bilaspur_Tehsil_1
PRJ_00173,road,208,paid,84.69,0.865,0.651,Himachal Pradesh,Chamba,Chamba_Tehsil_1
PRJ_00174,road,128,partial,99.86,0.803,0.606,Himachal Pradesh,Mandi,Mandi_Tehsil_1
PRJ_00175,road,136,partial,93.9,0.592,0.544,Himachal Pradesh,Lahaul and Spiti,Lahaul and Spiti_Tehsil_1
PRJ_00176,road,120,partial,77.59,0.646,0.663,Himachal Pradesh,Lahaul and Spiti,Lahaul and Spiti_Tehsil_1
PRJ_00177,irrigation,136,paid,78.5,0.923,0.888,Himachal Pradesh,Shimla,Shimla_Tehsil_1
PRJ_00178,irrigation,85,partial,85.82,0.7,0.782,Himachal Pradesh,Lahaul and Spiti,Lahaul and Spiti_Tehsil_1
PRJ_00179,rail,151,paid,100.0,0.686,0.283,Himachal Pradesh,Solan,Solan_Tehsil_1
PRJ_00180,road,66,pending,99.14,0.677,0.356,Himachal Pradesh,Lahaul and Spiti,Lahaul and Spiti_Tehsil_1
PRJ_00181,road,411,partial,92.15,0.432,0.915,Himachal Pradesh,Mandi,Mandi_Tehsil_1
PRJ_00182,rail,391,paid,88.25,0.534,0.807,Himachal Pradesh,Kangra,Kangra_Tehsil_1
PRJ_00183,road,159,partial,98.73,0.944,0.5,Himachal Pradesh,Lahaul and Spiti,Lahaul and Spiti_Tehsil_1
PRJ_00184,dam,316,paid,89.44,0.534,0.912,Himachal Pradesh,Hamirpur,Hamirpur_Tehsil_1
PRJ_00185,road,83,paid,75.2,0.756,0.475,Himachal Pradesh,Hamirpur,Hamirpur_Tehsil_1
PRJ_00186,rail,37,paid,86.5,0.943,0.358,Himachal Pradesh,Una,Una_Tehsil_1
PRJ_00187,rail,96,partial,87.48,0.468,0.74,Himachal Pradesh,Solan,Solan_Tehsil_1
PRJ_00188,rail,128,partial,97.12,0.817,0.653,Himachal Pradesh,Kinnaur,Kinnaur_Tehsil_1
PRJ_00189,road,110,pending,100.0,0.712,0.79,Himachal Pradesh,Kangra,Kangra_Tehsil_1
PRJ_00190,road,137,paid,98.73,0.633,0.538,Himachal Pradesh,Mandi,Mandi_Tehsil_1
PRJ_00191,industrial,165,partial,100.0,0.613,0.776,Himachal Pradesh,Shimla,Shimla_Tehsil_1
PRJ_00192,road,48,partial,89.02,0.499,0.634,Himachal Pradesh,Bilaspur,Bilaspur_Tehsil_1
PRJ_00193,irrigation,87,partial,86.23,0.458,0.459,Himachal Pradesh,Shimla,Shimla_Tehsil_1
PRJ_00194,irrigation,597,paid,92.95,0.49,0.6,Himachal Pradesh,Bilaspur,Bilaspur_Tehsil_1
PRJ_00195,rail,234,paid,86.94,0.451,0.857,Himachal Pradesh,Bilaspur,Bilaspur_Tehsil_1
PRJ_00196,rail,82,partial,77.59,0.652,0.343,Himachal Pradesh,Kullu,Kullu_Tehsil_1
PRJ_00197,dam,204,paid,72.71,0.307,0.167,Himachal Pradesh,Mandi,Mandi_Tehsil_1
PRJ_00198,industrial,65,paid,83.32,0.68,0.497,Himachal Pradesh,Kinnaur,Kinnaur_Tehsil_1
PRJ_00199,road,92,paid,90.66,0.805,0.453,Himachal Pradesh,Una,Una_Tehsil_1
